Month,Treasury_Avg_Yield,Treasury_Avg_Coupon,Avg_Years_to_Maturity,Avg_Yield_Spread,Year,SP500_Return,Year_y,NSE_Avg_Return,SP500_Return_%,Projected_Value
2025-02,,,,,2025,17.88,2025.0,2897.3864414992936,17.88,117880.0
2025-03,,,,,2025,17.88,2025.0,3270.859733326385,17.88,138956.94
2025-04,,,,,2025,17.88,2025.0,3456.2269664323867,17.88,163802.45
2025-05,14.2256,14.065,8.342465753424657,0.1605999999999996,2025,17.88,2025.0,4076.1526792347818,17.88,193090.32
2025-06,,,,,2025,17.88,2025.0,3749.463484819081,17.88,227614.87
2025-07,13.6652,12.756,9.832876712328767,0.9092000000000002,2025,17.88,2025.0,3798.170529859589,17.88,268312.41
2025-08,,,,,2025,17.88,2025.0,3521.308713092024,17.88,316286.67
2025-09,,,,,2025,17.88,2025.0,2246.5283996008848,17.88,372838.73
2025-10,13.8033,13.4,,0.4032999999999997,2025,17.88,2025.0,2345.743985131966,17.88,439502.29
