Month,Treasury_Avg_Yield,Treasury_Avg_Coupon,Avg_Years_to_Maturity,Avg_Yield_Spread,Year,SP500_Return,Year_y,NSE_Avg_Return,Projected_Return_%,Projected_Value
2025-03,,,,,2025,1.49,2025.0,0.499324676502022,1.49,3044.7
2025-04,,,,,2025,1.49,2025.0,-1.568487103430216,1.49,3090.07
2025-05,14.2256,14.065,8.342465753424657,0.1605999999999996,2025,1.49,2025.0,1.2542764082716928,1.49,3136.11
2025-06,,,,,2025,1.49,2025.0,5.809161511167349,1.49,3182.84
2025-07,13.6652,12.756,9.832876712328767,0.9092000000000002,2025,1.49,2025.0,6.725048885477247,1.49,3230.26
2025-08,,,,,2025,1.49,2025.0,4.817605898598787,1.49,3278.39
2025-09,,,,,2025,1.49,2025.0,7.085884280414079,1.49,3327.24
2025-10,13.8033,13.4,,0.4032999999999997,2025,1.49,2025.0,3.246614629316835,1.49,3376.82
